,ISO_code,Country,Region,FreeSc,FreeRk,FreeQuart,RoLaw,FemSafe,PersSafe,RelFree,ExpFree,GenderIdty,PersFreeSc,PersFreeRk,EcoFreeSc,EcoFreeRk,HappyRk,HappySc,GDP_per_capita,Population,LifeAge,RelImp,PeaceRk,CorruptSc,CorruptRk,HumDevRk,HumDevSc,Gend_Eq
0,ALB,Albania,Eastern Europe,7.84,38.0,1.0,5.3,8.8,9.3,9.2,8.6,5.8,8.01,46.0,7.67,30.0,109.0,4.64400005340576,4850.0,2884169.0,78.333,39.0,60.0,38.0,91.0,69.0,0.789,7.62
1,DZA,Algeria,Middle East & North Africa,4.99,155.0,4.0,3.8,5.0,7.8,4.9,7.3,0.0,5.2,146.0,4.77,159.0,53.0,5.872000217437741,4812.0,41389189.0,76.499,90.0,107.0,33.0,112.0,82.0,0.758,5.58
2,AGO,Angola,Sub-Saharan Africa,5.4,151.0,4.0,3.4,7.5,8.1,8.8,6.5,5.0,5.98,121.0,4.83,158.0,140.0,3.79500007629395,3410.0,29816766.0,60.379,88.0,74.0,19.0,167.0,149.0,0.5760000000000001,
3,ARG,Argentina,Latin America & the Caribbean,6.86,77.0,2.0,5.7,10.0,8.8,7.8,8.7,10.0,8.04,41.0,5.67,147.0,24.0,6.59899997711182,10476.0,43937140.0,76.372,72.0,76.0,39.0,85.0,48.0,0.8320000000000001,6.42
4,ARM,Armenia,Caucasus & Central Asia,7.42,54.0,2.0,4.9,8.8,9.1,6.2,7.2,8.2,7.15,72.0,7.7,27.0,121.0,4.37599992752075,4199.0,2944791.0,74.797,93.0,117.0,35.0,107.0,81.0,0.758,7.38
5,AUS,Australia,Oceania,8.62,5.0,1.0,7.8,10.0,9.9,9.1,9.4,9.0,9.16,12.0,8.07,9.0,10.0,7.28399991989136,55958.0,24584620.0,83.12200000000001,34.0,11.0,77.0,13.0,6.0,0.937,8.91
6,AUT,Austria,Western Europe,8.48,13.0,1.0,8.2,10.0,9.9,7.9,9.3,10.0,9.25,8.0,7.71,26.0,13.0,7.00600004196167,49066.0,8819901.0,81.34,39.0,4.0,75.0,16.0,20.0,0.912,9.290000000000001
7,AZE,Azerbaijan,Caucasus & Central Asia,6.22,121.0,3.0,4.3,10.0,9.5,5.5,4.0,5.8,6.1,119.0,6.34,116.0,85.0,5.234000205993651,5815.0,9845320.0,72.693,34.0,134.0,31.0,122.0,87.0,0.752,6.819999999999999
8,BHS,Bahamas,Latin America & the Caribbean,7.56,48.0,2.0,6.4,10.0,6.7,7.9,8.9,10.0,7.87,48.0,7.25,58.0,,,27485.0,381755.0,73.554,,,65.0,28.0,60.0,0.804,6.6
9,BHR,Bahrain,Middle East & North Africa,6.63,95.0,3.0,5.9,5.0,7.4,7.5,4.1,5.0,5.91,126.0,7.35,50.0,41.0,6.08699989318848,22127.0,1494076.0,77.032,94.0,132.0,36.0,103.0,45.0,0.8390000000000001,7.78
10,BGD,Bangladesh,South Asia,5.77,138.0,4.0,3.1,5.0,7.0,5.9,7.0,1.7,5.37,142.0,6.18,123.0,110.0,4.60799980163574,1127.0,159685424.0,72.05199999999999,93.0,86.0,28.0,143.0,135.0,0.609,4.58
11,BRD,Barbados,Latin America & the Caribbean,7.02,66.0,2.0,6.7,10.0,8.6,8.5,9.1,5.0,7.59,57.0,6.45,112.0,,,16612.0,286232.0,78.98100000000001,,,68.0,25.0,56.0,0.813,7.16
12,BLR,Belarus,Eastern Europe,6.65,92.0,3.0,5.1,10.0,9.2,5.2,5.8,9.0,6.66,91.0,6.64,99.0,67.0,5.5689997673034695,6562.0,9450231.0,74.34,34.0,99.0,44.0,68.0,50.0,0.815,8.7
13,BEL,Belgium,Western Europe,8.29,23.0,1.0,7.8,10.0,9.8,8.1,9.8,9.0,9.07,14.0,7.51,40.0,17.0,6.89099979400635,46018.0,11419748.0,81.305,44.0,20.0,75.0,16.0,17.0,0.917,9.52
14,BLZ,Belize,Latin America & the Caribbean,6.95,68.0,2.0,4.3,10.0,6.7,9.1,8.5,10.0,7.12,74.0,6.78,85.0,50.0,5.955999851226809,4264.0,375769.0,74.365,62.0,,,,103.0,0.7190000000000001,6.14
15,BEN,Benin,Sub-Saharan Africa,6.77,85.0,3.0,4.2,7.1,8.7,9.4,9.0,8.8,7.47,62.0,6.08,129.0,143.0,3.65700006484985,862.0,11175198.0,61.174,93.0,83.0,39.0,85.0,163.0,0.515,3.89
16,BTN,Bhutan,South Asia,6.53,105.0,3.0,6.2,10.0,9.6,7.3,7.3,0.8,6.29,111.0,6.77,87.0,97.0,5.01100015640259,3138.0,745563.0,71.12899999999999,,25.0,67.0,26.0,134.0,0.615,5.24
17,BOL,Bolivia,Latin America & the Caribbean,6.61,97.0,3.0,3.1,8.8,8.6,8.4,8.4,10.0,7.07,75.0,6.14,126.0,58.0,5.82299995422363,2491.0,11192855.0,70.945,89.0,76.0,33.0,112.0,114.0,0.7,
18,BIH,Bosnia and Herzegovina,Eastern Europe,7.37,55.0,2.0,5.5,8.8,9.1,8.5,8.7,9.0,8.04,42.0,6.69,92.0,90.0,5.18200016021729,5828.0,3351525.0,77.128,65.0,87.0,38.0,91.0,75.0,0.767,8.34
19,BWA,Botswana,Sub-Saharan Africa,7.17,60.0,2.0,5.6,8.8,7.6,9.0,7.8,5.0,6.97,81.0,7.37,49.0,142.0,3.7660000324249303,7819.0,2205080.0,68.812,77.0,29.0,61.0,34.0,94.0,0.7240000000000001,5.66
20,BRA,Brazil,Latin America & the Caribbean,6.48,109.0,3.0,4.7,10.0,6.7,7.4,8.5,6.7,6.74,88.0,6.23,120.0,22.0,6.6350002288818395,10990.0,207833823.0,75.456,79.0,109.0,37.0,96.0,79.0,0.76,5.93
21,BRN,Brunei Darussalam,South Asia,5.69,140.0,4.0,6.2,5.0,8.3,0.0,4.6,1.7,4.76,154.0,6.62,100.0,,,,,,,,62.0,32.0,43.0,0.843,7.640000000000001
22,BGR,Bulgaria,Eastern Europe,7.79,39.0,1.0,4.9,10.0,9.8,7.1,8.8,8.2,8.04,44.0,7.54,37.0,105.0,4.71400022506714,8300.0,7102444.0,74.815,52.0,28.0,43.0,71.0,52.0,0.813,7.83
23,BFA,Burkina Faso,Sub-Saharan Africa,6.73,90.0,3.0,4.9,5.0,7.9,8.0,7.7,8.8,7.39,63.0,6.07,130.0,134.0,4.03200006484985,686.0,19193234.0,60.768,88.0,95.0,42.0,74.0,182.0,0.429,3.9000000000000004
24,BDI,Burundi,Sub-Saharan Africa,5.56,145.0,4.0,2.9,10.0,7.8,7.5,3.2,3.8,4.95,150.0,6.17,124.0,154.0,2.90499997138977,214.0,10827019.0,60.898,98.0,140.0,22.0,157.0,185.0,0.42100000000000004,5.289999999999999
25,KHM,Cambodia,South Asia,7.13,63.0,2.0,2.6,8.8,8.8,8.3,7.7,8.8,6.82,86.0,7.44,43.0,129.0,4.1680002212524405,1137.0,16009409.0,69.289,96.0,75.0,21.0,161.0,146.0,0.578,5.2700000000000005
26,CMR,Cameroon,Sub-Saharan Africa,5.64,143.0,4.0,3.0,8.7,8.1,7.9,6.8,3.8,5.43,141.0,5.84,140.0,107.0,4.69500017166138,1480.0,24566073.0,58.511,96.0,131.0,25.0,153.0,150.0,0.56,4.3100000000000005
27,CAN,Canada,North America,8.65,4.0,1.0,7.7,10.0,9.7,9.0,9.5,10.0,9.22,11.0,8.08,8.0,7.0,7.31599998474121,51282.0,36732095.0,82.21,40.0,6.0,82.0,8.0,13.0,0.9209999999999999,9.08
28,CPV,Cape Verde,Sub-Saharan Africa,7.45,52.0,2.0,5.8,10.0,8.5,8.1,8.9,6.3,7.74,50.0,7.16,63.0,,,,,72.57,,,,,,,
29,CAF,Central African Republic,Sub-Saharan Africa,5.41,150.0,4.0,2.4,7.6,4.5,8.3,8.0,8.8,5.59,137.0,5.23,151.0,155.0,2.69300007820129,340.0,4596023.0,52.24,94.0,156.0,23.0,156.0,188.0,0.376,3.2700000000000005
30,TCD,Chad,Sub-Saharan Africa,5.46,147.0,4.0,3.1,5.6,6.3,8.2,7.5,2.5,5.49,139.0,5.42,150.0,137.0,3.9360001087188703,817.0,15016753.0,53.711999999999996,95.0,138.0,20.0,165.0,187.0,0.401,2.9200000000000004
31,CHL,Chile,Latin America & the Caribbean,8.15,28.0,1.0,6.5,10.0,9.4,9.3,9.2,5.8,8.41,36.0,7.89,13.0,20.0,6.65199995040894,14721.0,18470439.0,79.90899999999999,70.0,24.0,67.0,26.0,42.0,0.845,2.8000000000000003
32,CHN,China,East Asia,6.17,126.0,4.0,4.7,10.0,9.3,3.7,5.2,9.0,5.92,124.0,6.42,113.0,79.0,5.2729997634887695,7150.0,1421021791.0,76.47,7.0,115.0,41.0,77.0,85.0,0.753,8.48
33,COL,Colombia,Latin America & the Caribbean,6.93,71.0,2.0,4.4,10.0,5.4,8.7,8.4,10.0,7.18,69.0,6.68,94.0,36.0,6.35699987411499,7636.0,48909839.0,76.925,82.0,146.0,37.0,96.0,79.0,0.76,6.17
34,CRI,Costa Rica,Latin America & the Caribbean,7.7,43.0,2.0,6.6,7.5,7.5,8.1,9.6,7.3,7.99,47.0,7.41,46.0,12.0,7.0789999961853,9721.0,4949954.0,79.914,79.0,34.0,59.0,38.0,68.0,0.792,7.0
35,HRV,Croatia,Eastern Europe,7.86,37.0,1.0,5.7,10.0,9.9,8.1,8.6,10.0,8.45,34.0,7.26,56.0,77.0,5.2930002212524405,15113.0,4182857.0,78.197,70.0,32.0,49.0,57.0,46.0,0.835,8.76
36,CYP,Cyprus,Eastern Europe,7.93,36.0,1.0,6.6,10.0,9.8,7.2,9.5,8.3,8.18,39.0,7.68,28.0,65.0,5.62099981307983,21881.0,1179678.0,80.672,75.0,54.0,57.0,42.0,31.0,0.871,9.15
37,CZE,Czechia,Eastern Europe,8.34,21.0,1.0,7.8,10.0,9.9,7.8,9.5,8.2,8.92,18.0,7.75,22.0,23.0,6.60900020599365,22655.0,10641034.0,79.058,23.0,8.0,57.0,42.0,26.0,0.888,8.76
38,COD,Democratic Republic of the Congo,Sub-Saharan Africa,5.36,152.0,4.0,2.5,8.8,6.3,8.5,6.9,6.3,5.73,133.0,5.0,157.0,126.0,4.2800002098083505,409.0,81398764.0,60.026,94.0,151.0,21.0,161.0,179.0,0.456,3.4799999999999995
39,DNK,Denmark,Western Europe,8.56,6.0,1.0,8.7,10.0,9.8,7.7,8.9,10.0,9.24,9.0,7.89,13.0,2.0,7.52199983596802,62713.0,5732274.0,80.681,42.0,5.0,88.0,2.0,11.0,0.929,9.6
40,DOM,Dominican Republic,Latin America & the Caribbean,6.95,68.0,2.0,4.4,10.0,8.3,8.5,8.0,5.8,6.98,77.0,6.92,77.0,86.0,5.230000019073491,7326.0,10513104.0,73.689,87.0,100.0,29.0,135.0,89.0,0.741,5.489999999999999
41,ECU,Ecuador,Latin America & the Caribbean,6.82,82.0,2.0,4.3,8.8,8.6,7.8,7.9,9.2,7.36,64.0,6.28,118.0,44.0,6.00799989700317,5206.0,16785361.0,76.584,68.0,66.0,32.0,117.0,85.0,0.757,6.15
42,EGY,Egypt,Middle East & North Africa,4.5,157.0,4.0,3.6,0.7,5.0,3.7,6.5,0.0,3.95,159.0,5.05,155.0,104.0,4.7350001335144,2817.0,96442591.0,71.656,97.0,139.0,32.0,117.0,116.0,0.696,5.51
43,SLV,El Salvador,Latin America & the Caribbean,6.89,75.0,2.0,4.4,8.8,5.8,9.1,8.9,6.7,6.62,93.0,7.16,63.0,45.0,6.002999782562259,3458.0,6388126.0,72.872,83.0,114.0,33.0,112.0,124.0,0.665,6.08
44,EST,Estonia,Eastern Europe,8.46,15.0,1.0,7.8,10.0,9.7,8.3,9.6,9.0,9.02,15.0,7.89,13.0,66.0,5.61100006103516,19228.0,1319390.0,78.354,16.0,36.0,71.0,21.0,30.0,0.879,8.78
45,SWZ,Eswatini,Sub-Saharan Africa,6.4,111.0,3.0,4.7,6.3,7.3,8.0,6.0,4.8,6.29,110.0,6.52,107.0,,,4839.0,1124805.0,,,82.0,,,,,
46,ETH,Ethiopia,Sub-Saharan Africa,5.25,153.0,4.0,3.3,5.5,6.6,5.6,5.4,3.8,4.77,153.0,5.72,143.0,119.0,4.46000003814697,542.0,106399924.0,65.872,99.0,127.0,35.0,107.0,173.0,0.467,4.98
47,FJI,Fiji,Oceania,7.17,60.0,2.0,4.8,8.8,9.3,9.2,7.7,10.0,7.61,56.0,6.74,90.0,,,4461.0,877459.0,67.252,92.0,,,,98.0,0.721,6.479999999999999
48,FIN,Finland,Western Europe,8.53,8.0,1.0,8.6,10.0,9.8,7.9,9.7,9.0,9.27,4.0,7.8,21.0,5.0,7.468999862670901,47532.0,5511371.0,81.561,56.0,18.0,85.0,3.0,12.0,0.924,9.42
49,FRA,France,Western Europe,8.02,33.0,1.0,6.8,8.8,9.4,7.3,9.3,10.0,8.69,29.0,7.35,50.0,31.0,6.44199991226196,44333.0,64842509.0,82.432,40.0,53.0,70.0,23.0,26.0,0.89,9.17
50,GAB,Gabon,Sub-Saharan Africa,5.99,132.0,4.0,4.1,8.8,8.2,8.9,6.2,8.8,6.1,120.0,5.88,138.0,118.0,4.46500015258789,9205.0,2064823.0,65.839,,85.0,32.0,117.0,115.0,0.7,4.66
51,GMB,"Gambia, The",Sub-Saharan Africa,5.94,135.0,4.0,4.5,1.3,5.5,7.6,5.4,0.0,4.64,155.0,7.23,60.0,,,,,,,,,,,,
52,GEO,Georgia,Caucasus & Central Asia,7.74,41.0,1.0,5.4,8.8,9.1,7.2,8.6,8.2,7.53,59.0,7.94,12.0,125.0,4.28599977493286,3972.0,4008716.0,73.414,93.0,97.0,56.0,46.0,70.0,0.7829999999999999,6.5
53,DEU,Germany,Western Europe,8.53,8.0,1.0,8.3,10.0,9.9,7.7,9.4,10.0,9.25,7.0,7.82,20.0,16.0,6.9510002136230495,46987.0,82658409.0,81.039,34.0,17.0,81.0,12.0,4.0,0.938,9.28
54,GHA,Ghana,Sub-Saharan Africa,6.94,70.0,2.0,5.7,6.1,8.2,8.1,8.8,3.8,7.3,65.0,6.58,103.0,131.0,4.11999988555908,1738.0,29121465.0,63.463,95.0,45.0,40.0,81.0,142.0,0.591,4.620000000000001
55,GRC,Greece,Eastern Europe,7.33,57.0,2.0,5.8,7.5,8.7,7.3,8.7,8.3,8.07,40.0,6.59,102.0,87.0,5.2270002365112305,23457.0,10569450.0,81.90100000000001,71.0,80.0,48.0,59.0,32.0,0.871,8.8
56,GTM,Guatemala,Latin America & the Caribbean,7.07,65.0,2.0,4.0,8.8,5.9,8.5,8.2,6.7,6.56,95.0,7.57,34.0,29.0,6.4539999961853,3124.0,16914970.0,73.81,88.0,113.0,28.0,143.0,126.0,0.649,5.07
57,GIN,Guinea,Sub-Saharan Africa,5.61,144.0,4.0,3.2,1.4,5.8,8.5,6.9,0.0,5.37,143.0,5.86,139.0,149.0,3.50699996948242,868.0,12067519.0,60.706,97.0,98.0,27.0,148.0,174.0,0.46299999999999997,
58,GNB,Guinea-Bissau,Sub-Saharan Africa,6.07,130.0,4.0,2.9,4.0,7.5,9.9,7.1,7.5,6.9,83.0,5.23,151.0,,,614.0,1828145.0,57.673,,121.0,,,178.0,0.46,
59,GUY,Guyana,Latin America & the Caribbean,6.74,88.0,3.0,4.7,10.0,7.9,9.2,8.1,7.5,7.16,70.0,6.32,117.0,,,3885.0,775222.0,69.624,,84.0,38.0,91.0,123.0,0.6679999999999999,4.96
60,HTI,Haiti,Latin America & the Caribbean,6.71,91.0,3.0,3.4,8.8,8.0,8.4,8.2,6.7,6.93,82.0,6.49,110.0,145.0,3.6029999256133998,729.0,10982366.0,63.29,75.0,89.0,22.0,157.0,169.0,0.501,3.99
61,HND,Honduras,Latin America & the Caribbean,6.81,84.0,3.0,3.2,10.0,6.5,8.7,6.5,6.7,6.47,102.0,7.16,63.0,91.0,5.1810002326965305,2172.0,9429013.0,74.898,84.0,108.0,29.0,135.0,132.0,0.621,5.21
62,HKG,Hong Kong,East Asia,8.81,3.0,1.0,7.1,10.0,10.0,8.6,8.7,9.0,8.7,27.0,8.91,1.0,71.0,5.47200012207031,38370.0,7306322.0,84.493,26.0,,77.0,13.0,4.0,0.937,
63,HUN,Hungary,Eastern Europe,7.65,45.0,2.0,5.4,7.5,8.7,7.3,8.8,10.0,8.04,43.0,7.27,54.0,75.0,5.32399988174438,15789.0,9729823.0,76.498,39.0,15.0,45.0,66.0,43.0,0.841,7.41
64,ISL,Iceland,Western Europe,8.41,18.0,1.0,7.8,10.0,9.9,8.1,9.6,9.0,9.08,13.0,7.74,23.0,3.0,7.50400018692017,52372.0,334393.0,82.725,51.0,1.0,77.0,13.0,6.0,0.935,9.379999999999999
65,IND,India,South Asia,6.64,94.0,3.0,4.3,7.5,8.0,5.5,8.0,5.7,6.37,108.0,6.91,79.0,122.0,4.31500005722046,1987.0,1338676785.0,69.165,76.0,137.0,40.0,81.0,129.0,0.643,4.76
66,IDN,Indonesia,South Asia,6.83,81.0,2.0,4.1,5.0,8.1,3.9,7.5,7.5,6.38,105.0,7.27,54.0,81.0,5.26200008392334,4120.0,264650963.0,71.282,82.0,52.0,37.0,96.0,111.0,0.7040000000000001,5.470000000000001
67,IRN,Iran,Middle East & North Africa,5.1,154.0,4.0,4.4,5.0,7.1,4.3,5.4,2.3,4.48,156.0,5.72,143.0,108.0,4.69199991226196,6952.0,80673883.0,76.271,83.0,126.0,30.0,130.0,65.0,0.799,5.389999999999999
68,IRQ,Iraq,Middle East & North Africa,4.34,158.0,4.0,2.6,4.6,3.6,5.3,5.4,0.0,3.47,160.0,5.21,153.0,117.0,4.49700021743774,5555.0,37552781.0,70.294,84.0,161.0,18.0,169.0,120.0,0.684,4.9399999999999995
69,IRL,Ireland,Western Europe,8.52,10.0,1.0,7.5,10.0,9.7,9.1,9.5,10.0,8.9,19.0,8.13,6.0,15.0,6.9770002365112305,75408.0,4753279.0,81.872,45.0,13.0,74.0,19.0,3.0,0.9390000000000001,8.91
70,ISR,Israel,Middle East & North Africa,7.61,46.0,2.0,6.8,8.8,9.0,5.9,8.5,6.3,7.7,53.0,7.53,38.0,11.0,7.212999820709231,36288.0,8243848.0,82.663,30.0,145.0,62.0,32.0,22.0,0.904,9.02
71,ITA,Italy,Western Europe,8.04,32.0,1.0,6.5,10.0,9.9,8.0,9.1,9.0,8.67,31.0,7.41,46.0,48.0,5.96400022506714,34921.0,60673701.0,83.184,74.0,39.0,50.0,54.0,29.0,0.8809999999999999,9.13
72,CIV,Ivory Coast,Sub-Saharan Africa,6.59,101.0,3.0,4.0,6.9,7.1,9.4,8.7,10.0,7.2,67.0,5.97,134.0,128.0,4.17999982833862,1616.0,24437470.0,57.016999999999996,,119.0,36.0,103.0,165.0,0.512,1.5900000000000003
73,JAM,Jamaica,Latin America & the Caribbean,7.2,59.0,2.0,5.4,10.0,6.5,9.3,9.5,4.2,7.23,66.0,7.17,61.0,76.0,5.31099987030029,4776.0,2920848.0,74.267,70.0,94.0,44.0,68.0,96.0,0.725,5.88
74,JPN,Japan,East Asia,8.28,25.0,1.0,7.6,10.0,10.0,8.1,9.2,8.2,8.7,28.0,7.86,17.0,51.0,5.92000007629395,48294.0,127502725.0,84.29,13.0,10.0,73.0,20.0,19.0,0.9129999999999999,8.97
75,JOR,Jordan,Middle East & North Africa,6.84,80.0,2.0,5.8,5.0,8.0,6.3,6.6,5.0,6.23,115.0,7.44,43.0,74.0,5.33599996566772,3211.0,9785843.0,74.292,96.0,102.0,48.0,59.0,102.0,0.722,5.4
76,KAZ,Kazakhstan,Caucasus & Central Asia,6.9,73.0,2.0,4.5,10.0,9.0,5.5,6.2,9.0,6.69,90.0,7.1,68.0,60.0,5.8189997673034695,10842.0,18080019.0,72.72800000000001,64.0,69.0,31.0,122.0,50.0,0.813,8.030000000000001
77,KEN,Kenya,Sub-Saharan Africa,6.85,79.0,2.0,4.0,5.2,6.9,7.2,8.3,6.7,6.65,92.0,7.05,70.0,112.0,4.55299997329712,1157.0,50221142.0,65.90899999999999,94.0,124.0,28.0,143.0,147.0,0.574,4.510000000000001
78,KWT,Kuwait,Middle East & North Africa,6.19,124.0,4.0,5.3,5.0,7.9,4.6,7.5,3.8,5.97,123.0,6.41,114.0,39.0,6.10500001907349,34211.0,4056099.0,75.311,91.0,49.0,39.0,85.0,57.0,0.809,7.3
79,KGZ,Kyrgyzstan,Caucasus & Central Asia,6.98,67.0,2.0,3.8,8.8,8.5,7.1,6.2,10.0,7.05,76.0,6.92,77.0,98.0,5.0040001869201705,1072.0,6189733.0,71.193,72.0,111.0,29.0,135.0,122.0,0.6709999999999999,6.08
80,LAO,Laos,South Asia,6.2,123.0,4.0,3.8,8.8,8.5,6.7,5.8,8.8,5.74,132.0,6.67,95.0,,,1707.0,6953035.0,67.277,97.0,46.0,29.0,135.0,,,
81,LVA,Latvia,Eastern Europe,8.29,23.0,1.0,6.7,10.0,9.6,8.5,9.4,10.0,8.85,21.0,7.73,24.0,54.0,5.849999904632571,15462.0,1951097.0,75.048,40.0,31.0,58.0,40.0,39.0,0.8490000000000001,8.040000000000001
82,LBN,Lebanon,Middle East & North Africa,6.74,88.0,3.0,4.3,6.3,7.0,7.2,8.3,2.5,6.52,99.0,6.97,75.0,88.0,5.22499990463257,6335.0,6819373.0,78.833,80.0,148.0,28.0,143.0,93.0,0.732,6.1899999999999995
83,LSO,Lesotho,Sub-Saharan Africa,6.54,104.0,3.0,4.7,7.5,5.7,9.2,7.5,5.0,6.57,94.0,6.5,109.0,139.0,3.80800008773804,1392.0,2091534.0,52.946999999999996,,92.0,42.0,74.0,164.0,0.514,4.56
84,LBR,Liberia,Sub-Saharan Africa,6.35,113.0,3.0,3.8,5.0,7.7,9.2,7.2,1.3,6.13,118.0,6.56,105.0,148.0,3.5329999923706095,548.0,4702226.0,63.295,94.0,90.0,31.0,122.0,176.0,0.466,3.440000000000001
85,LBY,Libya,Middle East & North Africa,4.64,156.0,4.0,2.3,8.8,6.9,6.9,6.3,3.8,4.83,151.0,4.45,161.0,68.0,5.525000095367429,7086.0,6580724.0,72.52,,158.0,17.0,171.0,110.0,0.7040000000000001,8.299999999999999
86,LTU,Lithuania,Eastern Europe,8.32,22.0,1.0,6.8,10.0,9.4,8.5,9.5,9.2,8.76,25.0,7.88,16.0,52.0,5.90199995040894,16738.0,2845414.0,75.507,42.0,50.0,59.0,38.0,34.0,0.866,8.77
87,LUX,Luxembourg,Western Europe,8.56,6.0,1.0,8.0,10.0,10.0,9.1,9.7,9.0,9.26,5.0,7.86,17.0,18.0,6.86299991607666,107316.0,591910.0,81.955,39.0,,82.0,8.0,21.0,0.9079999999999999,9.34
88,MDG,Madagascar,Sub-Saharan Africa,6.32,115.0,3.0,3.6,8.8,8.4,7.5,8.3,6.3,6.51,101.0,6.14,126.0,144.0,3.64400005340576,422.0,25570512.0,66.311,93.0,59.0,24.0,155.0,162.0,0.518,
89,MWI,Malawi,Sub-Saharan Africa,6.6,99.0,3.0,4.9,7.5,8.8,8.5,7.8,5.8,7.13,73.0,6.06,131.0,136.0,3.97000002861023,513.0,17670196.0,63.278999999999996,99.0,38.0,31.0,122.0,172.0,0.48200000000000004,3.81
90,MYS,Malaysia,South Asia,6.52,106.0,3.0,5.4,7.5,8.5,3.9,6.8,2.3,5.7,134.0,7.34,52.0,42.0,6.08400011062622,11721.0,31104646.0,75.828,72.0,30.0,47.0,62.0,61.0,0.802,7.130000000000001
91,MLI,Mali,Sub-Saharan Africa,6.03,131.0,4.0,3.9,3.4,4.1,8.6,7.9,7.5,6.15,116.0,5.91,136.0,127.0,4.19000005722046,764.0,18512430.0,58.452,95.0,144.0,31.0,122.0,184.0,0.426,3.2200000000000006
92,MLT,Malta,Western Europe,8.37,20.0,1.0,7.0,10.0,9.8,8.4,8.0,9.2,8.77,24.0,7.97,11.0,27.0,6.52699995040894,28842.0,437933.0,82.221,86.0,,56.0,46.0,28.0,0.883,7.84
93,MRT,Mauritania,Sub-Saharan Africa,5.47,146.0,4.0,4.2,1.7,5.6,5.7,6.0,0.0,4.83,152.0,6.11,128.0,123.0,4.29199981689453,1345.0,4282570.0,64.464,98.0,129.0,28.0,143.0,161.0,0.524,3.83
94,MUS,Mauritius,Sub-Saharan Africa,7.52,50.0,2.0,6.3,7.5,8.9,8.0,9.4,1.3,6.98,78.0,8.07,9.0,64.0,5.62900018692017,10201.0,1264499.0,74.743,,26.0,50.0,54.0,66.0,0.7929999999999999,6.27
95,MEX,Mexico,Latin America & the Caribbean,6.65,92.0,3.0,3.9,8.8,5.4,7.6,7.7,6.7,6.38,106.0,6.93,76.0,25.0,6.57800006866455,10292.0,124777324.0,74.947,68.0,142.0,29.0,135.0,76.0,0.765,6.57
96,MDA,Moldova,Eastern Europe,6.93,71.0,2.0,4.5,10.0,9.2,6.0,7.4,10.0,7.2,68.0,6.66,97.0,56.0,5.837999820709231,1893.0,4059684.0,71.717,72.0,64.0,31.0,122.0,107.0,0.7090000000000001,7.74
97,MNG,Mongolia,East Asia,7.61,46.0,2.0,5.3,10.0,9.2,8.6,8.2,8.2,7.79,49.0,7.43,45.0,100.0,4.95499992370605,3996.0,3113786.0,69.509,,44.0,36.0,103.0,92.0,0.7290000000000001,6.99
98,MNE,Montenegro,Eastern Europe,7.43,53.0,2.0,5.2,8.8,9.1,8.9,7.7,9.0,8.03,45.0,6.84,83.0,83.0,5.23699998855591,7774.0,627563.0,76.667,71.0,65.0,46.0,64.0,52.0,0.813,8.68
99,MAR,Morocco,Middle East & North Africa,6.18,125.0,4.0,4.2,5.0,7.7,4.4,7.1,1.3,5.68,135.0,6.69,92.0,84.0,5.2350001335144,3354.0,35581255.0,76.218,93.0,78.0,40.0,81.0,121.0,0.675,5.18
100,MOZ,Mozambique,Sub-Saharan Africa,6.24,120.0,3.0,3.6,8.8,8.8,7.9,7.6,10.0,6.89,84.0,5.6,149.0,113.0,4.550000190734861,538.0,28649018.0,59.309,86.0,79.0,25.0,153.0,180.0,0.442,4.4799999999999995
101,MMR,Myanmar,South Asia,5.44,148.0,4.0,3.0,8.8,8.3,6.3,7.7,2.5,5.26,144.0,5.63,148.0,114.0,4.54500007629395,1489.0,53382523.0,66.558,97.0,106.0,30.0,130.0,145.0,0.5770000000000001,5.44
102,NAM,Namibia,Sub-Saharan Africa,6.75,87.0,3.0,5.6,8.8,7.1,8.7,8.3,6.5,6.97,80.0,6.53,106.0,111.0,4.57399988174438,6159.0,2402633.0,63.021,92.0,47.0,51.0,53.0,130.0,0.643,5.28
103,NPL,Nepal,South Asia,6.51,107.0,3.0,4.3,8.8,9.1,5.2,6.7,6.7,6.53,98.0,6.49,110.0,99.0,4.961999893188481,777.0,27632681.0,70.169,93.0,88.0,31.0,122.0,147.0,0.574,5.2
104,NLD,Netherlands,Western Europe,8.5,11.0,1.0,8.5,10.0,9.9,8.9,9.7,8.2,9.28,2.0,7.72,25.0,6.0,7.3769998550415,54268.0,17021347.0,82.00399999999999,26.0,21.0,82.0,8.0,10.0,0.932,9.559999999999999
105,NZL,New Zealand,Oceania,8.88,1.0,1.0,7.9,10.0,9.9,9.7,9.5,9.0,9.27,3.0,8.5,3.0,8.0,7.31400012969971,38514.0,4702034.0,82.00200000000001,33.0,2.0,89.0,1.0,14.0,0.92,8.64
106,NIC,Nicaragua,Latin America & the Caribbean,6.86,77.0,2.0,3.8,10.0,8.9,7.9,7.0,6.7,6.72,89.0,7.01,74.0,43.0,6.07100009918213,1963.0,6384846.0,74.068,84.0,71.0,26.0,151.0,126.0,0.653,5.44
107,NER,Niger,Sub-Saharan Africa,5.87,136.0,4.0,4.1,4.9,6.8,7.8,5.3,5.0,5.92,125.0,5.83,142.0,135.0,4.02799987792969,394.0,21602382.0,61.599,99.0,133.0,33.0,112.0,189.0,0.373,3.51
108,NGA,Nigeria,Sub-Saharan Africa,6.38,112.0,3.0,4.3,5.4,6.1,7.3,8.2,2.5,5.9,128.0,6.86,81.0,95.0,5.07399988174438,2412.0,190873244.0,53.95,83.0,149.0,27.0,148.0,158.0,0.5329999999999999,
109,MKD,North Macedonia,Eastern Europe,7.34,56.0,2.0,5.0,8.8,9.1,8.3,7.8,9.0,7.66,54.0,7.02,73.0,92.0,5.175000190734861,5257.0,2081996.0,75.589,88.0,103.0,35.0,107.0,82.0,0.758,8.51
110,NOR,Norway,Western Europe,8.44,17.0,1.0,8.6,10.0,9.9,7.4,9.8,9.2,9.26,6.0,7.62,32.0,1.0,7.537000179290769,91117.0,5296326.0,82.146,21.0,16.0,85.0,3.0,1.0,0.953,9.52
111,OMN,Oman,Middle East & North Africa,5.98,134.0,4.0,5.9,5.0,8.1,5.0,5.3,0.0,5.2,147.0,6.76,89.0,,,15876.0,4665928.0,77.393,,61.0,44.0,68.0,47.0,0.833,7.359999999999999
112,PAK,Pakistan,South Asia,5.69,140.0,4.0,3.5,5.0,6.3,4.0,7.2,5.8,5.47,140.0,5.91,136.0,80.0,5.26900005340576,1158.0,207906209.0,66.947,88.0,152.0,32.0,117.0,152.0,0.5579999999999999,4.59
113,PAN,Panama,Latin America & the Caribbean,7.69,44.0,2.0,4.4,10.0,8.7,8.4,8.7,9.0,7.72,51.0,7.66,31.0,30.0,6.4520001411438,11501.0,4106769.0,78.149,81.0,47.0,37.0,96.0,67.0,0.7929999999999999,5.389999999999999
114,PNG,Pap. New Guinea,Oceania,6.6,99.0,3.0,3.9,7.5,7.7,8.1,8.6,5.0,6.84,85.0,6.36,115.0,,,,,,,,,,,,
115,PRY,Paraguay,Latin America & the Caribbean,6.9,73.0,2.0,4.1,7.5,7.6,8.2,7.7,5.0,6.78,87.0,7.03,72.0,70.0,5.493000030517581,5285.0,6867061.0,73.992,92.0,68.0,29.0,135.0,98.0,0.722,5.329999999999999
116,PER,Peru,Latin America & the Caribbean,7.55,49.0,2.0,4.7,8.8,8.4,8.2,8.7,7.5,7.61,55.0,7.49,42.0,63.0,5.71500015258789,6314.0,31444298.0,76.286,82.0,73.0,37.0,96.0,82.0,0.7559999999999999,6.32
117,PHL,Philippines,South Asia,6.88,76.0,2.0,3.4,7.5,6.7,8.5,8.5,6.7,6.44,103.0,7.32,53.0,72.0,5.42999982833862,2884.0,105172925.0,70.952,86.0,136.0,34.0,111.0,106.0,0.7090000000000001,5.7299999999999995
118,POL,Poland,Eastern Europe,7.78,40.0,1.0,6.4,10.0,9.7,6.3,8.6,9.0,8.32,37.0,7.24,59.0,46.0,5.97300004959106,15832.0,37953180.0,78.33800000000001,86.0,33.0,60.0,36.0,32.0,0.868,8.68
119,PRT,Portugal,Western Europe,8.27,26.0,1.0,7.2,10.0,9.9,9.4,9.6,9.0,9.02,16.0,7.52,39.0,89.0,5.19500017166138,23224.0,10288527.0,81.655,60.0,3.0,63.0,29.0,40.0,0.848,9.120000000000001
120,QAT,Qatar,Middle East & North Africa,6.15,127.0,4.0,6.3,5.0,8.3,4.7,7.0,0.0,5.24,145.0,7.07,69.0,35.0,6.375,63633.0,2724728.0,79.98100000000001,95.0,23.0,63.0,29.0,41.0,0.848,7.94
121,COG,Republic of the Congo,Sub-Saharan Africa,5.8,137.0,4.0,3.4,8.8,7.7,9.4,6.7,8.8,6.52,100.0,5.08,154.0,124.0,4.29099988937378,2693.0,5110695.0,63.95399999999999,95.0,129.0,21.0,161.0,138.0,0.609,4.220000000000001
122,ROU,Romania,Eastern Europe,8.11,30.0,1.0,6.3,10.0,9.8,7.9,9.0,8.2,8.54,32.0,7.68,28.0,57.0,5.824999809265139,11007.0,19653969.0,75.79,77.0,19.0,48.0,59.0,52.0,0.813,6.890000000000001
123,RUS,Russia,Eastern Europe,6.34,114.0,3.0,4.0,10.0,7.7,4.6,6.1,9.0,5.9,127.0,6.78,85.0,49.0,5.962999820709231,11556.0,145530082.0,72.139,70.0,153.0,29.0,135.0,49.0,0.8220000000000001,7.43
124,RWA,Rwanda,Sub-Saharan Africa,6.82,82.0,3.0,5.4,8.8,8.6,6.0,6.3,6.3,6.38,107.0,7.26,56.0,151.0,3.47099995613098,779.0,11980961.0,68.34100000000001,95.0,104.0,55.0,48.0,157.0,0.529,6.1899999999999995
125,SAU,Saudi Arabia,Middle East & North Africa,5.42,149.0,4.0,5.3,5.0,7.6,3.2,5.6,0.0,4.32,157.0,6.52,107.0,37.0,6.343999862670901,20669.0,33101179.0,74.874,93.0,128.0,49.0,57.0,36.0,0.856,7.66
126,SEN,Senegal,Sub-Saharan Africa,6.57,102.0,3.0,4.7,6.4,7.5,9.0,8.3,3.8,6.97,79.0,6.17,124.0,115.0,4.53499984741211,1489.0,15419355.0,67.38,96.0,63.0,45.0,66.0,166.0,0.51,4.85
127,SRB,Serbia,Eastern Europe,7.3,58.0,2.0,4.4,8.8,9.3,8.3,8.5,8.2,7.71,52.0,6.89,80.0,73.0,5.39499998092651,4766.0,8829628.0,75.684,72.0,55.0,41.0,77.0,63.0,0.794,8.19
128,SYC,Seychelles,Sub-Saharan Africa,7.16,62.0,2.0,5.3,10.0,8.3,8.1,7.7,10.0,7.16,71.0,7.16,63.0,,,14058.0,96418.0,73.27600000000001,,,60.0,36.0,62.0,0.8,
129,SLE,Sierra Leone,Sub-Saharan Africa,5.99,132.0,4.0,3.9,3.0,7.3,8.5,7.3,3.8,6.27,112.0,5.71,145.0,106.0,4.70900011062622,467.0,7488423.0,53.895,,40.0,30.0,130.0,181.0,0.435,3.55
130,SGP,Singapore,South Asia,8.11,30.0,1.0,7.7,8.8,9.6,6.1,6.6,7.3,7.5,61.0,8.71,2.0,26.0,6.57200002670288,54309.0,5708041.0,83.279,70.0,12.0,84.0,6.0,9.0,0.934,9.33
131,SVK,Slovakia,Eastern Europe,8.02,33.0,1.0,6.1,10.0,9.6,7.7,9.3,9.0,8.54,33.0,7.51,40.0,40.0,6.09800004959106,19851.0,5447900.0,77.219,47.0,27.0,50.0,54.0,36.0,0.8540000000000001,8.200000000000001
132,SVN,Slovenia,Eastern Europe,7.97,35.0,1.0,6.5,10.0,9.7,9.0,9.4,9.0,8.78,23.0,7.15,67.0,62.0,5.75799989700317,25543.0,2076394.0,81.016,47.0,9.0,61.0,34.0,24.0,0.899,9.459999999999999
133,ZAF,South Africa,Sub-Saharan Africa,7.08,64.0,2.0,5.7,8.8,5.9,9.4,8.9,8.2,7.55,58.0,6.61,101.0,101.0,4.8289999961853,7487.0,57009756.0,63.538000000000004,91.0,125.0,43.0,71.0,113.0,0.7040000000000001,6.109999999999999
134,KOR,South Korea,East Asia,8.2,27.0,1.0,7.4,10.0,9.8,9.4,9.0,9.0,8.81,22.0,7.59,33.0,55.0,5.837999820709231,26341.0,51096415.0,82.62799999999999,44.0,43.0,54.0,51.0,22.0,0.904,9.370000000000001
135,ESP,Spain,Western Europe,8.12,29.0,1.0,7.0,8.8,9.4,8.0,9.2,9.0,8.69,30.0,7.55,36.0,34.0,6.40299987792969,32365.0,46647428.0,83.294,37.0,22.0,57.0,42.0,25.0,0.8909999999999999,9.200000000000001
136,LKA,Sri Lanka,South Asia,6.41,110.0,3.0,4.5,5.0,7.4,6.9,7.2,3.2,6.25,114.0,6.57,104.0,120.0,4.44000005722046,3907.0,21128032.0,76.648,99.0,72.0,38.0,91.0,71.0,0.7759999999999999,6.46
137,SDN,Sudan,Sub-Saharan Africa,4.32,159.0,4.0,3.4,0.7,4.9,6.5,5.7,0.0,3.97,158.0,4.67,160.0,130.0,4.138999938964839,1946.0,40813397.0,64.881,93.0,150.0,16.0,175.0,168.0,0.507,4.36
138,SUR,Suriname,Latin America & the Caribbean,7.48,51.0,2.0,4.9,10.0,9.3,9.5,8.5,10.0,8.3,38.0,6.65,98.0,,,7967.0,570496.0,71.46300000000001,,,41.0,77.0,98.0,0.722,5.59
139,SWE,Sweden,Western Europe,8.5,11.0,1.0,8.5,10.0,9.8,8.9,9.7,10.0,9.45,1.0,7.56,35.0,9.0,7.28399991989136,57484.0,9904896.0,82.516,19.0,14.0,84.0,6.0,8.0,0.935,9.559999999999999
140,CHE,Switzerland,Western Europe,8.82,2.0,1.0,8.3,10.0,9.9,8.2,9.7,9.0,9.24,10.0,8.4,4.0,4.0,7.49399995803833,77416.0,8455804.0,83.473,38.0,7.0,85.0,3.0,2.0,0.943,9.61
141,SYR,Syria,Middle East & North Africa,3.79,162.0,4.0,1.8,5.0,4.7,4.4,1.9,0.0,2.53,162.0,5.05,155.0,152.0,3.46199989318848,,,70.967,,160.0,14.0,178.0,154.0,0.544,
142,TWN,Taiwan,East Asia,8.4,19.0,1.0,7.0,8.8,9.3,9.4,9.3,10.0,8.94,17.0,7.85,19.0,33.0,6.42199993133545,,,80.107,45.0,37.0,63.0,29.0,,,
143,TJK,Tajikistan,Caucasus & Central Asia,5.77,138.0,4.0,3.0,8.8,8.9,4.4,4.3,6.3,5.49,138.0,6.05,132.0,96.0,5.04099988937378,1025.0,8880268.0,70.64699999999999,85.0,118.0,21.0,161.0,125.0,0.6509999999999999,6.83
144,TZA,Tanzania,Sub-Saharan Africa,6.26,118.0,3.0,4.2,4.5,6.8,6.4,7.5,2.5,5.75,130.0,6.77,87.0,153.0,3.34899997711182,910.0,54660339.0,64.479,89.0,51.0,36.0,103.0,159.0,0.522,
145,THA,Thailand,South Asia,6.55,103.0,3.0,4.3,10.0,8.8,7.3,7.1,5.8,6.25,113.0,6.86,81.0,32.0,6.4239997863769505,6111.0,69209810.0,76.683,94.0,120.0,37.0,96.0,77.0,0.762,6.07
146,TLS,Timor-Leste,South Asia,6.76,86.0,3.0,3.3,8.8,8.9,8.6,8.4,8.8,7.52,60.0,5.99,133.0,,,2786.0,1243258.0,,,,38.0,91.0,131.0,0.624,
147,TGO,Togo,Sub-Saharan Africa,6.31,116.0,3.0,4.0,8.5,8.1,8.9,8.5,2.5,6.41,104.0,6.21,121.0,150.0,3.4949998855590803,658.0,7698474.0,60.489,80.0,67.0,32.0,117.0,167.0,0.51,4.329999999999999
148,TTO,Trinidad and Tobago,Latin America & the Caribbean,6.62,96.0,3.0,4.7,10.0,6.5,8.6,8.7,5.0,6.54,97.0,6.7,91.0,38.0,6.1680002212524405,15185.0,1384059.0,73.245,92.0,96.0,41.0,77.0,63.0,0.799,6.76
149,TUN,Tunisia,Middle East & North Africa,6.08,129.0,4.0,4.8,5.0,7.6,6.5,8.1,1.3,5.97,122.0,6.2,122.0,102.0,4.80499982833862,4341.0,11433443.0,76.31,93.0,70.0,42.0,74.0,91.0,0.738,7.02
150,TUR,Turkey,Middle East & North Africa,6.21,122.0,3.0,4.0,8.8,7.7,4.5,4.4,8.2,5.74,131.0,6.67,95.0,69.0,5.5,14868.0,81116450.0,77.161,79.0,147.0,40.0,81.0,59.0,0.805,6.83
151,UGA,Uganda,Sub-Saharan Africa,6.61,97.0,3.0,3.4,7.5,7.4,8.4,7.6,0.8,5.82,129.0,7.39,48.0,133.0,4.08099985122681,694.0,41166588.0,62.516000000000005,93.0,105.0,26.0,151.0,159.0,0.522,4.77
152,UKR,Ukraine,Eastern Europe,6.26,118.0,3.0,4.5,10.0,7.9,5.9,7.4,9.0,6.56,96.0,5.96,135.0,132.0,4.09600019454956,2861.0,44487709.0,71.84,73.0,155.0,30.0,130.0,88.0,0.747,7.15
153,ARE,United Arab Emirates,Middle East & North Africa,6.13,128.0,4.0,6.4,5.0,7.7,4.7,6.3,0.0,5.09,148.0,7.17,61.0,21.0,6.6479997634887695,40819.0,9487203.0,77.64699999999999,91.0,56.0,71.0,21.0,35.0,0.8640000000000001,7.68
154,GBR,United Kingdom,Western Europe,8.47,14.0,1.0,7.7,8.8,9.3,7.6,9.3,9.0,8.85,20.0,8.09,7.0,19.0,6.71400022506714,42242.0,66727461.0,81.168,30.0,42.0,82.0,8.0,15.0,0.919,8.84
155,USA,United States,North America,8.46,15.0,1.0,6.9,10.0,9.1,8.9,9.3,9.0,8.72,26.0,8.19,5.0,14.0,6.993000030517581,53366.0,325084756.0,78.861,56.0,123.0,75.0,16.0,15.0,0.919,8.110000000000001
156,URY,Uruguay,Latin America & the Caribbean,7.74,41.0,2.0,6.6,10.0,8.9,8.5,9.4,10.0,8.42,35.0,7.05,70.0,28.0,6.4539999961853,14447.0,3436641.0,77.632,41.0,35.0,70.0,23.0,57.0,0.807,7.3
157,VEN,Venezuela,Latin America & the Caribbean,3.8,161.0,4.0,2.1,10.0,6.3,6.9,5.1,4.2,5.03,149.0,2.58,162.0,82.0,5.25,,,72.24600000000001,79.0,141.0,18.0,169.0,96.0,0.735,5.460000000000001
158,VNM,Vietnam,South Asia,6.29,117.0,3.0,4.9,8.8,9.4,5.9,5.8,9.2,6.31,109.0,6.27,119.0,94.0,5.07399988174438,1853.0,94600648.0,75.241,34.0,58.0,35.0,107.0,118.0,0.69,6.959999999999999
159,YEM,Yemen,Middle East & North Africa,4.3,160.0,4.0,2.4,4.1,4.2,6.23,5.0,0.0,2.75,161.0,5.84,140.0,146.0,3.59299993515015,703.0,27834819.0,66.086,99.0,157.0,16.0,175.0,177.0,0.46299999999999997,1.6500000000000004
160,ZMB,Zambia,Sub-Saharan Africa,6.49,108.0,3.0,4.1,7.5,8.3,7.3,6.9,5.8,6.13,117.0,6.84,83.0,116.0,4.513999938964839,1659.0,16853599.0,63.043,95.0,41.0,37.0,96.0,143.0,0.589,4.83
161,ZWE,Zimbabwe,Sub-Saharan Africa,5.65,142.0,4.0,3.5,8.8,8.4,6.4,6.7,4.2,5.61,136.0,5.69,146.0,138.0,3.875,1263.0,14236595.0,60.812,88.0,122.0,22.0,157.0,150.0,0.5529999999999999,4.66
